<?xml version="1.0" encoding="UTF-8" standalone="yes"?>
<addon id="plugin.video.muvemalay" name="Malaysia Movie" version="1.0.1" provider-name="Suaji">
  <requires>
    <import addon="xbmc.python" version="2.1.0"/>
  </requires>
  <extension point="xbmc.python.pluginsource" library="default.py">
    <provides>video</provides>
  </extension>
  <extension point="xbmc.addon.metadata">
    <summary lang="en">Malaysia Malay Movie</summary>
    <description lang="en">Sumber Video www.PencuriMovie.pw .. TERIMA KASIH!!.. Addons ini adalah PERCUMA!!</description>
    <disclaimer lang="en">Addons ini adalah PERCUMA</disclaimer>
    <language></language>
    <platform>all</platform>
    <license></license>
    <forum></forum>
    <website></website>
    <email></email>
    <source></source>
  </extension>
</addon>